cell,p_val
b_cell,5.556617418283021e-06
cd8_t_cell,0.032426665116402034
cd4_t_cell,1.221158771945813e-10
nk_cell,0.36378753523494034
monocyte,0.3365717078094447
